,Path,Fold,Family,Instrument (abbr.),Instrument (in full),Technique (abbr.),Technique (in full),Pitch,Pitch ID,Dynamics,Dynamics ID,Instance ID,String ID (if applicable),Needed digital retuning,nframes,Duration(s),Octave
686,Strings/Violoncello/ordinario/Vc-ord-C3-pp-3c-N.wav,2,Strings,Vc,Cello,ord,ordinario,C3,48,pp,0,2,3.0,False,362516,8.22031746031746,3
687,Strings/Violoncello/ordinario/Vc-ord-C3-pp-4c-N.wav,2,Strings,Vc,Cello,ord,ordinario,C3,48,pp,0,3,4.0,False,329505,7.471768707482993,3
688,Strings/Violoncello/ordinario/Vc-ord-D3-pp-2c-N.wav,0,Strings,Vc,Cello,ord,ordinario,D3,50,pp,0,1,2.0,False,397697,9.018072562358277,3
689,Strings/Violoncello/ordinario/Vc-ord-D3-pp-3c-N.wav,1,Strings,Vc,Cello,ord,ordinario,D3,50,pp,0,2,3.0,False,334452,7.583945578231292,3
690,Strings/Violoncello/ordinario/Vc-ord-D3-pp-4c-N.wav,1,Strings,Vc,Cello,ord,ordinario,D3,50,pp,0,3,4.0,False,395860,8.97641723356009,3
691,Strings/Violoncello/ordinario/Vc-ord-E3-pp-2c-N.wav,1,Strings,Vc,Cello,ord,ordinario,E3,52,pp,0,1,2.0,False,423722,9.608208616780045,3
692,Strings/Violoncello/ordinario/Vc-ord-E3-pp-3c-N.wav,1,Strings,Vc,Cello,ord,ordinario,E3,52,pp,0,2,3.0,False,357370,8.103628117913832,3
693,Strings/Violoncello/ordinario/Vc-ord-E3-pp-4c-N.wav,3,Strings,Vc,Cello,ord,ordinario,E3,52,pp,0,3,4.0,False,334248,7.579319727891156,3
694,Strings/Violoncello/ordinario/Vc-ord-F3-pp-2c-N.wav,1,Strings,Vc,Cello,ord,ordinario,F3,53,pp,0,1,2.0,False,333996,7.573605442176871,3
695,Strings/Violoncello/ordinario/Vc-ord-F3-pp-3c-N.wav,1,Strings,Vc,Cello,ord,ordinario,F3,53,pp,0,2,3.0,False,294245,6.6722222222222225,3
696,Strings/Violoncello/ordinario/Vc-ord-F3-pp-4c-N.wav,0,Strings,Vc,Cello,ord,ordinario,F3,53,pp,0,3,4.0,False,329355,7.468367346938775,3
697,Strings/Violoncello/ordinario/Vc-ord-G3-pp-2c-N.wav,4,Strings,Vc,Cello,ord,ordinario,G3,55,pp,0,1,2.0,False,440877,9.997210884353741,3
698,Strings/Violoncello/ordinario/Vc-ord-G3-pp-3c-N.wav,2,Strings,Vc,Cello,ord,ordinario,G3,55,pp,0,2,3.0,False,351578,7.972290249433106,3
699,Strings/Violoncello/ordinario/Vc-ord-G3-pp-4c-N.wav,2,Strings,Vc,Cello,ord,ordinario,G3,55,pp,0,3,4.0,False,341145,7.735714285714286,3
700,Strings/Violoncello/ordinario/Vc-ord-A3-pp-1c-N.wav,0,Strings,Vc,Cello,ord,ordinario,A3,57,pp,0,0,1.0,False,385987,8.752539682539682,3
701,Strings/Violoncello/ordinario/Vc-ord-A3-pp-2c-N.wav,4,Strings,Vc,Cello,ord,ordinario,A3,57,pp,0,1,2.0,False,374490,8.491836734693878,3
702,Strings/Violoncello/ordinario/Vc-ord-A3-pp-3c-N.wav,1,Strings,Vc,Cello,ord,ordinario,A3,57,pp,0,2,3.0,False,475346,10.778820861678005,3
703,Strings/Violoncello/ordinario/Vc-ord-A3-pp-4c-N.wav,0,Strings,Vc,Cello,ord,ordinario,A3,57,pp,0,3,4.0,False,325221,7.374625850340136,3
704,Strings/Violoncello/ordinario/Vc-ord-B3-pp-1c-N.wav,1,Strings,Vc,Cello,ord,ordinario,B3,59,pp,0,0,1.0,False,328165,7.441383219954648,3
705,Strings/Violoncello/ordinario/Vc-ord-B3-pp-2c-N.wav,4,Strings,Vc,Cello,ord,ordinario,B3,59,pp,0,1,2.0,False,364697,8.269773242630386,3
706,Strings/Violoncello/ordinario/Vc-ord-B3-pp-3c-N.wav,2,Strings,Vc,Cello,ord,ordinario,B3,59,pp,0,2,3.0,False,371943,8.434081632653061,3
707,Strings/Violoncello/ordinario/Vc-ord-C4-pp-1c-N.wav,3,Strings,Vc,Cello,ord,ordinario,C4,60,pp,0,0,1.0,False,372436,8.445260770975057,4
708,Strings/Violoncello/ordinario/Vc-ord-C4-pp-2c-N.wav,3,Strings,Vc,Cello,ord,ordinario,C4,60,pp,0,1,2.0,False,373438,8.46798185941043,4
709,Strings/Violoncello/ordinario/Vc-ord-C4-pp-3c-N.wav,3,Strings,Vc,Cello,ord,ordinario,C4,60,pp,0,2,3.0,False,335455,7.606689342403628,4
710,Strings/Violoncello/ordinario/Vc-ord-D4-pp-1c-N.wav,4,Strings,Vc,Cello,ord,ordinario,D4,62,pp,0,0,1.0,False,340566,7.722585034013606,4
711,Strings/Violoncello/ordinario/Vc-ord-D4-pp-2c-N.wav,2,Strings,Vc,Cello,ord,ordinario,D4,62,pp,0,1,2.0,False,397778,9.019909297052154,4
712,Strings/Violoncello/ordinario/Vc-ord-D4-pp-3c-N.wav,2,Strings,Vc,Cello,ord,ordinario,D4,62,pp,0,2,3.0,False,339835,7.706009070294785,4
713,Strings/Violoncello/ordinario/Vc-ord-E4-pp-1c-N.wav,2,Strings,Vc,Cello,ord,ordinario,E4,64,pp,0,0,1.0,False,354234,8.03251700680272,4
714,Strings/Violoncello/ordinario/Vc-ord-E4-pp-2c-N.wav,2,Strings,Vc,Cello,ord,ordinario,E4,64,pp,0,1,2.0,False,380592,8.630204081632654,4
715,Strings/Violoncello/ordinario/Vc-ord-E4-pp-3c-N.wav,1,Strings,Vc,Cello,ord,ordinario,E4,64,pp,0,2,3.0,False,384548,8.719909297052155,4
716,Strings/Violoncello/ordinario/Vc-ord-F4-pp-1c-N.wav,2,Strings,Vc,Cello,ord,ordinario,F4,65,pp,0,0,1.0,False,350279,7.942834467120181,4
717,Strings/Violoncello/ordinario/Vc-ord-F4-pp-2c-N.wav,1,Strings,Vc,Cello,ord,ordinario,F4,65,pp,0,1,2.0,False,326451,7.4025170068027215,4
718,Strings/Violoncello/ordinario/Vc-ord-F4-pp-3c-T18u.wav,3,Strings,Vc,Cello,ord,ordinario,F4,65,pp,0,2,3.0,True,359979,8.162789115646259,4
719,Strings/Violoncello/ordinario/Vc-ord-G4-pp-1c-N.wav,1,Strings,Vc,Cello,ord,ordinario,G4,67,pp,0,0,1.0,False,346896,7.866122448979592,4
720,Strings/Violoncello/ordinario/Vc-ord-G4-pp-2c-N.wav,2,Strings,Vc,Cello,ord,ordinario,G4,67,pp,0,1,2.0,False,328425,7.447278911564626,4
721,Strings/Violoncello/ordinario/Vc-ord-A4-pp-1c-N.wav,0,Strings,Vc,Cello,ord,ordinario,A4,69,pp,0,0,1.0,False,342414,7.764489795918367,4
722,Strings/Violoncello/ordinario/Vc-ord-A4-pp-2c-N.wav,3,Strings,Vc,Cello,ord,ordinario,A4,69,pp,0,1,2.0,False,328087,7.439614512471655,4
723,Strings/Violoncello/ordinario/Vc-ord-B4-pp-1c-N.wav,0,Strings,Vc,Cello,ord,ordinario,B4,71,pp,0,0,1.0,False,352142,7.985079365079365,4
724,Strings/Violoncello/ordinario/Vc-ord-B4-pp-2c-N.wav,1,Strings,Vc,Cello,ord,ordinario,B4,71,pp,0,1,2.0,False,343844,7.7969160997732425,4
725,Strings/Violoncello/ordinario/Vc-ord-C5-pp-1c-N.wav,0,Strings,Vc,Cello,ord,ordinario,C5,72,pp,0,0,1.0,False,343119,7.7804761904761905,5
726,Strings/Violoncello/ordinario/Vc-ord-C5-pp-2c-T12u.wav,2,Strings,Vc,Cello,ord,ordinario,C5,72,pp,0,1,2.0,True,316276,7.171791383219954,5
727,Strings/Violoncello/ordinario/Vc-ord-D5-pp-1c-N.wav,3,Strings,Vc,Cello,ord,ordinario,D5,74,pp,0,0,1.0,False,345831,7.841972789115646,5
728,Strings/Violoncello/ordinario/Vc-ord-E5-pp-1c-N.wav,2,Strings,Vc,Cello,ord,ordinario,E5,76,pp,0,0,1.0,False,314831,7.139024943310657,5
729,Strings/Violoncello/ordinario/Vc-ord-F5-pp-1c-N.wav,3,Strings,Vc,Cello,ord,ordinario,F5,77,pp,0,0,1.0,False,339420,7.696598639455782,5
730,Strings/Violoncello/ordinario/Vc-ord-G5-pp-1c-N.wav,4,Strings,Vc,Cello,ord,ordinario,G5,79,pp,0,0,1.0,False,313385,7.106235827664399,5
731,Strings/Violoncello/ordinario/Vc-ord-A5-pp-1c-N.wav,0,Strings,Vc,Cello,ord,ordinario,A5,81,pp,0,0,1.0,False,325660,7.384580498866213,5
732,Strings/Violoncello/ordinario/Vc-ord-B5-pp-1c-N.wav,4,Strings,Vc,Cello,ord,ordinario,B5,83,pp,0,0,1.0,False,349317,7.921020408163265,5
744,Strings/Violoncello/ordinario/Vc-ord-C3-mf-3c-N.wav,0,Strings,Vc,Cello,ord,ordinario,C3,48,mf,2,2,3.0,False,395912,8.977596371882086,3
745,Strings/Violoncello/ordinario/Vc-ord-C3-mf-4c-N.wav,1,Strings,Vc,Cello,ord,ordinario,C3,48,mf,2,3,4.0,False,329365,7.46859410430839,3
746,Strings/Violoncello/ordinario/Vc-ord-D3-mf-2c-N.wav,3,Strings,Vc,Cello,ord,ordinario,D3,50,mf,2,1,2.0,False,443689,10.060975056689342,3
747,Strings/Violoncello/ordinario/Vc-ord-D3-mf-3c-N.wav,4,Strings,Vc,Cello,ord,ordinario,D3,50,mf,2,2,3.0,False,325209,7.3743537414965985,3
748,Strings/Violoncello/ordinario/Vc-ord-D3-mf-4c-N.wav,4,Strings,Vc,Cello,ord,ordinario,D3,50,mf,2,3,4.0,False,424020,9.614965986394559,3
749,Strings/Violoncello/ordinario/Vc-ord-E3-mf-2c-N.wav,2,Strings,Vc,Cello,ord,ordinario,E3,52,mf,2,1,2.0,False,340564,7.722539682539683,3
750,Strings/Violoncello/ordinario/Vc-ord-E3-mf-3c-N.wav,2,Strings,Vc,Cello,ord,ordinario,E3,52,mf,2,2,3.0,False,323650,7.339002267573696,3
751,Strings/Violoncello/ordinario/Vc-ord-E3-mf-4c-T11u.wav,4,Strings,Vc,Cello,ord,ordinario,E3,52,mf,2,3,4.0,True,314225,7.125283446712018,3
752,Strings/Violoncello/ordinario/Vc-ord-F3-mf-2c-N.wav,4,Strings,Vc,Cello,ord,ordinario,F3,53,mf,2,1,2.0,False,327420,7.424489795918367,3
753,Strings/Violoncello/ordinario/Vc-ord-F3-mf-3c-T11d.wav,4,Strings,Vc,Cello,ord,ordinario,F3,53,mf,2,2,3.0,True,314433,7.13,3
754,Strings/Violoncello/ordinario/Vc-ord-F3-mf-4c-T17u.wav,1,Strings,Vc,Cello,ord,ordinario,F3,53,mf,2,3,4.0,True,290440,6.5859410430839,3
755,Strings/Violoncello/ordinario/Vc-ord-G3-mf-2c-N.wav,4,Strings,Vc,Cello,ord,ordinario,G3,55,mf,2,1,2.0,False,327900,7.4353741496598635,3
756,Strings/Violoncello/ordinario/Vc-ord-G3-mf-3c-N.wav,0,Strings,Vc,Cello,ord,ordinario,G3,55,mf,2,2,3.0,False,347101,7.870770975056689,3
757,Strings/Violoncello/ordinario/Vc-ord-G3-mf-4c-N.wav,4,Strings,Vc,Cello,ord,ordinario,G3,55,mf,2,3,4.0,False,368213,8.349501133786848,3
758,Strings/Violoncello/ordinario/Vc-ord-A3-mf-1c-N.wav,1,Strings,Vc,Cello,ord,ordinario,A3,57,mf,2,0,1.0,False,428342,9.71297052154195,3
759,Strings/Violoncello/ordinario/Vc-ord-A3-mf-2c-N.wav,4,Strings,Vc,Cello,ord,ordinario,A3,57,mf,2,1,2.0,False,328573,7.45063492063492,3
760,Strings/Violoncello/ordinario/Vc-ord-A3-mf-3c-T16d.wav,4,Strings,Vc,Cello,ord,ordinario,A3,57,mf,2,2,3.0,True,448059,10.160068027210885,3
761,Strings/Violoncello/ordinario/Vc-ord-A3-mf-4c-N.wav,2,Strings,Vc,Cello,ord,ordinario,A3,57,mf,2,3,4.0,False,331357,7.513764172335601,3
762,Strings/Violoncello/ordinario/Vc-ord-B3-mf-1c-N.wav,1,Strings,Vc,Cello,ord,ordinario,B3,59,mf,2,0,1.0,False,325485,7.380612244897959,3
763,Strings/Violoncello/ordinario/Vc-ord-B3-mf-2c-N.wav,1,Strings,Vc,Cello,ord,ordinario,B3,59,mf,2,1,2.0,False,322378,7.31015873015873,3
764,Strings/Violoncello/ordinario/Vc-ord-B3-mf-3c-N.wav,4,Strings,Vc,Cello,ord,ordinario,B3,59,mf,2,2,3.0,False,370234,8.395328798185941,3
765,Strings/Violoncello/ordinario/Vc-ord-C4-mf-1c-N.wav,1,Strings,Vc,Cello,ord,ordinario,C4,60,mf,2,0,1.0,False,395575,8.969954648526077,4
766,Strings/Violoncello/ordinario/Vc-ord-C4-mf-2c-N.wav,4,Strings,Vc,Cello,ord,ordinario,C4,60,mf,2,1,2.0,False,333531,7.563061224489796,4
767,Strings/Violoncello/ordinario/Vc-ord-C4-mf-3c-N.wav,3,Strings,Vc,Cello,ord,ordinario,C4,60,mf,2,2,3.0,False,368886,8.364761904761904,4
768,Strings/Violoncello/ordinario/Vc-ord-D4-mf-1c-N.wav,0,Strings,Vc,Cello,ord,ordinario,D4,62,mf,2,0,1.0,False,341616,7.7463945578231295,4
769,Strings/Violoncello/ordinario/Vc-ord-D4-mf-2c-N.wav,0,Strings,Vc,Cello,ord,ordinario,D4,62,mf,2,1,2.0,False,396229,8.984784580498866,4
770,Strings/Violoncello/ordinario/Vc-ord-D4-mf-3c-N.wav,4,Strings,Vc,Cello,ord,ordinario,D4,62,mf,2,2,3.0,False,363438,8.241224489795918,4
771,Strings/Violoncello/ordinario/Vc-ord-E4-mf-1c-N.wav,4,Strings,Vc,Cello,ord,ordinario,E4,64,mf,2,0,1.0,False,354027,8.0278231292517,4
772,Strings/Violoncello/ordinario/Vc-ord-E4-mf-2c-N.wav,3,Strings,Vc,Cello,ord,ordinario,E4,64,mf,2,1,2.0,False,379075,8.595804988662131,4
773,Strings/Violoncello/ordinario/Vc-ord-E4-mf-3c-N.wav,3,Strings,Vc,Cello,ord,ordinario,E4,64,mf,2,2,3.0,False,318032,7.2116099773242635,4
774,Strings/Violoncello/ordinario/Vc-ord-F4-mf-1c-N.wav,1,Strings,Vc,Cello,ord,ordinario,F4,65,mf,2,0,1.0,False,321242,7.284399092970522,4
775,Strings/Violoncello/ordinario/Vc-ord-F4-mf-2c-N.wav,4,Strings,Vc,Cello,ord,ordinario,F4,65,mf,2,1,2.0,False,313207,7.102199546485261,4
776,Strings/Violoncello/ordinario/Vc-ord-F4-mf-3c-T11u.wav,1,Strings,Vc,Cello,ord,ordinario,F4,65,mf,2,2,3.0,True,306198,6.943265306122449,4
777,Strings/Violoncello/ordinario/Vc-ord-G4-mf-1c-N.wav,4,Strings,Vc,Cello,ord,ordinario,G4,67,mf,2,0,1.0,False,366952,8.320907029478459,4
778,Strings/Violoncello/ordinario/Vc-ord-G4-mf-2c-N.wav,1,Strings,Vc,Cello,ord,ordinario,G4,67,mf,2,1,2.0,False,296550,6.724489795918367,4
779,Strings/Violoncello/ordinario/Vc-ord-A4-mf-1c-N.wav,4,Strings,Vc,Cello,ord,ordinario,A4,69,mf,2,0,1.0,False,333463,7.561519274376417,4
780,Strings/Violoncello/ordinario/Vc-ord-A4-mf-2c-N.wav,1,Strings,Vc,Cello,ord,ordinario,A4,69,mf,2,1,2.0,False,376066,8.527573696145124,4
781,Strings/Violoncello/ordinario/Vc-ord-B4-mf-1c-N.wav,1,Strings,Vc,Cello,ord,ordinario,B4,71,mf,2,0,1.0,False,305422,6.925668934240363,4
782,Strings/Violoncello/ordinario/Vc-ord-B4-mf-2c-N.wav,0,Strings,Vc,Cello,ord,ordinario,B4,71,mf,2,1,2.0,False,349689,7.9294557823129255,4
783,Strings/Violoncello/ordinario/Vc-ord-C5-mf-1c-T11u.wav,3,Strings,Vc,Cello,ord,ordinario,C5,72,mf,2,0,1.0,True,307981,6.983696145124717,5
784,Strings/Violoncello/ordinario/Vc-ord-C5-mf-2c-T11u.wav,1,Strings,Vc,Cello,ord,ordinario,C5,72,mf,2,1,2.0,True,325852,7.388934240362812,5
785,Strings/Violoncello/ordinario/Vc-ord-D5-mf-1c-N.wav,1,Strings,Vc,Cello,ord,ordinario,D5,74,mf,2,0,1.0,False,383520,8.696598639455782,5
786,Strings/Violoncello/ordinario/Vc-ord-E5-mf-1c-N.wav,2,Strings,Vc,Cello,ord,ordinario,E5,76,mf,2,0,1.0,False,332363,7.536575963718821,5
787,Strings/Violoncello/ordinario/Vc-ord-F5-mf-1c-N.wav,1,Strings,Vc,Cello,ord,ordinario,F5,77,mf,2,0,1.0,False,318517,7.222607709750567,5
788,Strings/Violoncello/ordinario/Vc-ord-G5-mf-1c-N.wav,4,Strings,Vc,Cello,ord,ordinario,G5,79,mf,2,0,1.0,False,319774,7.251111111111111,5
789,Strings/Violoncello/ordinario/Vc-ord-A5-mf-1c-N.wav,3,Strings,Vc,Cello,ord,ordinario,A5,81,mf,2,0,1.0,False,295343,6.697120181405896,5
790,Strings/Violoncello/ordinario/Vc-ord-B5-mf-1c-N.wav,1,Strings,Vc,Cello,ord,ordinario,B5,83,mf,2,0,1.0,False,307074,6.96312925170068,5
802,Strings/Violoncello/ordinario/Vc-ord-C3-ff-3c-N.wav,0,Strings,Vc,Cello,ord,ordinario,C3,48,ff,4,2,3.0,False,352760,7.999092970521542,3
803,Strings/Violoncello/ordinario/Vc-ord-C3-ff-4c-N.wav,3,Strings,Vc,Cello,ord,ordinario,C3,48,ff,4,3,4.0,False,320178,7.260272108843537,3
804,Strings/Violoncello/ordinario/Vc-ord-D3-ff-2c-N.wav,3,Strings,Vc,Cello,ord,ordinario,D3,50,ff,4,1,2.0,False,496455,11.257482993197279,3
805,Strings/Violoncello/ordinario/Vc-ord-D3-ff-3c-N.wav,1,Strings,Vc,Cello,ord,ordinario,D3,50,ff,4,2,3.0,False,310152,7.032925170068027,3
806,Strings/Violoncello/ordinario/Vc-ord-D3-ff-4c-T10d.wav,0,Strings,Vc,Cello,ord,ordinario,D3,50,ff,4,3,4.0,True,389782,8.83859410430839,3
807,Strings/Violoncello/ordinario/Vc-ord-E3-ff-2c-N.wav,3,Strings,Vc,Cello,ord,ordinario,E3,52,ff,4,1,2.0,False,347742,7.88530612244898,3
808,Strings/Violoncello/ordinario/Vc-ord-E3-ff-3c-T11d.wav,2,Strings,Vc,Cello,ord,ordinario,E3,52,ff,4,2,3.0,True,325500,7.380952380952381,3
809,Strings/Violoncello/ordinario/Vc-ord-E3-ff-4c-N.wav,2,Strings,Vc,Cello,ord,ordinario,E3,52,ff,4,3,4.0,False,318286,7.217369614512472,3
810,Strings/Violoncello/ordinario/Vc-ord-F3-ff-2c-T17d.wav,4,Strings,Vc,Cello,ord,ordinario,F3,53,ff,4,1,2.0,True,342676,7.770430839002268,3
811,Strings/Violoncello/ordinario/Vc-ord-F3-ff-3c-T17d.wav,3,Strings,Vc,Cello,ord,ordinario,F3,53,ff,4,2,3.0,True,293504,6.655419501133787,3
812,Strings/Violoncello/ordinario/Vc-ord-F3-ff-4c-T14u.wav,4,Strings,Vc,Cello,ord,ordinario,F3,53,ff,4,3,4.0,True,258173,5.854263038548753,3
813,Strings/Violoncello/ordinario/Vc-ord-G3-ff-2c-N.wav,2,Strings,Vc,Cello,ord,ordinario,G3,55,ff,4,1,2.0,False,396401,8.988684807256236,3
814,Strings/Violoncello/ordinario/Vc-ord-G3-ff-3c-N.wav,4,Strings,Vc,Cello,ord,ordinario,G3,55,ff,4,2,3.0,False,331126,7.508526077097506,3
815,Strings/Violoncello/ordinario/Vc-ord-G3-ff-4c-N.wav,0,Strings,Vc,Cello,ord,ordinario,G3,55,ff,4,3,4.0,False,344607,7.81421768707483,3
816,Strings/Violoncello/ordinario/Vc-ord-A3-ff-1c-N.wav,0,Strings,Vc,Cello,ord,ordinario,A3,57,ff,4,0,1.0,False,435806,9.882222222222222,3
817,Strings/Violoncello/ordinario/Vc-ord-A3-ff-2c-N.wav,0,Strings,Vc,Cello,ord,ordinario,A3,57,ff,4,1,2.0,False,338501,7.675759637188208,3
818,Strings/Violoncello/ordinario/Vc-ord-A3-ff-3c-T21d.wav,2,Strings,Vc,Cello,ord,ordinario,A3,57,ff,4,2,3.0,True,410498,9.308344671201814,3
819,Strings/Violoncello/ordinario/Vc-ord-A3-ff-4c-N.wav,2,Strings,Vc,Cello,ord,ordinario,A3,57,ff,4,3,4.0,False,300800,6.820861678004535,3
820,Strings/Violoncello/ordinario/Vc-ord-B3-ff-1c-T11u.wav,1,Strings,Vc,Cello,ord,ordinario,B3,59,ff,4,0,1.0,True,331771,7.523151927437642,3
821,Strings/Violoncello/ordinario/Vc-ord-B3-ff-2c-N.wav,0,Strings,Vc,Cello,ord,ordinario,B3,59,ff,4,1,2.0,False,314254,7.1259410430839,3
822,Strings/Violoncello/ordinario/Vc-ord-B3-ff-3c-T11u.wav,0,Strings,Vc,Cello,ord,ordinario,B3,59,ff,4,2,3.0,True,313737,7.11421768707483,3
823,Strings/Violoncello/ordinario/Vc-ord-C4-ff-1c-N.wav,1,Strings,Vc,Cello,ord,ordinario,C4,60,ff,4,0,1.0,False,451192,10.231111111111112,4
824,Strings/Violoncello/ordinario/Vc-ord-C4-ff-2c-N.wav,2,Strings,Vc,Cello,ord,ordinario,C4,60,ff,4,1,2.0,False,323738,7.340997732426304,4
825,Strings/Violoncello/ordinario/Vc-ord-C4-ff-3c-N.wav,2,Strings,Vc,Cello,ord,ordinario,C4,60,ff,4,2,3.0,False,317423,7.1978004535147395,4
826,Strings/Violoncello/ordinario/Vc-ord-D4-ff-1c-N.wav,1,Strings,Vc,Cello,ord,ordinario,D4,62,ff,4,0,1.0,False,348737,7.907868480725623,4
827,Strings/Violoncello/ordinario/Vc-ord-D4-ff-2c-N.wav,4,Strings,Vc,Cello,ord,ordinario,D4,62,ff,4,1,2.0,False,420612,9.537687074829932,4
828,Strings/Violoncello/ordinario/Vc-ord-D4-ff-3c-N.wav,0,Strings,Vc,Cello,ord,ordinario,D4,62,ff,4,2,3.0,False,348062,7.892562358276644,4
829,Strings/Violoncello/ordinario/Vc-ord-E4-ff-1c-N.wav,1,Strings,Vc,Cello,ord,ordinario,E4,64,ff,4,0,1.0,False,303016,6.871111111111111,4
830,Strings/Violoncello/ordinario/Vc-ord-E4-ff-2c-N.wav,2,Strings,Vc,Cello,ord,ordinario,E4,64,ff,4,1,2.0,False,307374,6.969931972789116,4
831,Strings/Violoncello/ordinario/Vc-ord-E4-ff-3c-T10u.wav,2,Strings,Vc,Cello,ord,ordinario,E4,64,ff,4,2,3.0,True,288609,6.544421768707483,4
832,Strings/Violoncello/ordinario/Vc-ord-F4-ff-1c-N.wav,0,Strings,Vc,Cello,ord,ordinario,F4,65,ff,4,0,1.0,False,312220,7.079818594104308,4
833,Strings/Violoncello/ordinario/Vc-ord-F4-ff-2c-N.wav,2,Strings,Vc,Cello,ord,ordinario,F4,65,ff,4,1,2.0,False,320067,7.257755102040816,4
834,Strings/Violoncello/ordinario/Vc-ord-F4-ff-3c-T14u.wav,3,Strings,Vc,Cello,ord,ordinario,F4,65,ff,4,2,3.0,True,317763,7.205510204081633,4
835,Strings/Violoncello/ordinario/Vc-ord-G4-ff-1c-N.wav,2,Strings,Vc,Cello,ord,ordinario,G4,67,ff,4,0,1.0,False,397975,9.02437641723356,4
836,Strings/Violoncello/ordinario/Vc-ord-G4-ff-2c-N.wav,4,Strings,Vc,Cello,ord,ordinario,G4,67,ff,4,1,2.0,False,338579,7.6775283446712015,4
837,Strings/Violoncello/ordinario/Vc-ord-A4-ff-1c-N.wav,2,Strings,Vc,Cello,ord,ordinario,A4,69,ff,4,0,1.0,False,325652,7.384399092970521,4
838,Strings/Violoncello/ordinario/Vc-ord-A4-ff-2c-N.wav,4,Strings,Vc,Cello,ord,ordinario,A4,69,ff,4,1,2.0,False,302244,6.853605442176871,4
839,Strings/Violoncello/ordinario/Vc-ord-B4-ff-1c-N.wav,3,Strings,Vc,Cello,ord,ordinario,B4,71,ff,4,0,1.0,False,327057,7.416258503401361,4
840,Strings/Violoncello/ordinario/Vc-ord-B4-ff-2c-N.wav,1,Strings,Vc,Cello,ord,ordinario,B4,71,ff,4,1,2.0,False,355739,8.066643990929705,4
841,Strings/Violoncello/ordinario/Vc-ord-C5-ff-1c-T16u.wav,0,Strings,Vc,Cello,ord,ordinario,C5,72,ff,4,0,1.0,True,286720,6.501587301587302,5
842,Strings/Violoncello/ordinario/Vc-ord-C5-ff-2c-N.wav,4,Strings,Vc,Cello,ord,ordinario,C5,72,ff,4,1,2.0,False,302385,6.856802721088435,5
843,Strings/Violoncello/ordinario/Vc-ord-D5-ff-1c-N.wav,0,Strings,Vc,Cello,ord,ordinario,D5,74,ff,4,0,1.0,False,307493,6.972630385487529,5
844,Strings/Violoncello/ordinario/Vc-ord-E5-ff-1c-N.wav,4,Strings,Vc,Cello,ord,ordinario,E5,76,ff,4,0,1.0,False,284781,6.457619047619048,5
845,Strings/Violoncello/ordinario/Vc-ord-F5-ff-1c-N.wav,2,Strings,Vc,Cello,ord,ordinario,F5,77,ff,4,0,1.0,False,326209,7.39702947845805,5
846,Strings/Violoncello/ordinario/Vc-ord-G5-ff-1c-N.wav,4,Strings,Vc,Cello,ord,ordinario,G5,79,ff,4,0,1.0,False,271694,6.160861678004535,5
847,Strings/Violoncello/ordinario/Vc-ord-A5-ff-1c-T13d.wav,4,Strings,Vc,Cello,ord,ordinario,A5,81,ff,4,0,1.0,True,258982,5.872607709750567,5
848,Strings/Violoncello/ordinario/Vc-ord-B5-ff-1c-N.wav,4,Strings,Vc,Cello,ord,ordinario,B5,83,ff,4,0,1.0,False,282901,6.4149886621315195,5
880,Strings/Contrabass/ordinario/Cb-ord-C3-pp-1c-N.wav,1,Strings,Cb,Contrabass,ord,ordinario,C3,48,pp,0,0,1.0,False,278103,6.306190476190476,3
881,Strings/Contrabass/ordinario/Cb-ord-C3-pp-2c-N.wav,1,Strings,Cb,Contrabass,ord,ordinario,C3,48,pp,0,1,2.0,False,229339,5.2004308390022675,3
882,Strings/Contrabass/ordinario/Cb-ord-C3-pp-3c-N.wav,4,Strings,Cb,Contrabass,ord,ordinario,C3,48,pp,0,2,3.0,False,239475,5.430272108843537,3
883,Strings/Contrabass/ordinario/Cb-ord-C3-pp-4c-N.wav,4,Strings,Cb,Contrabass,ord,ordinario,C3,48,pp,0,3,4.0,False,252216,5.719183673469388,3
884,Strings/Contrabass/ordinario/Cb-ord-D3-pp-1c-N.wav,2,Strings,Cb,Contrabass,ord,ordinario,D3,50,pp,0,0,1.0,False,310304,7.036371882086168,3
885,Strings/Contrabass/ordinario/Cb-ord-D3-pp-2c-N.wav,1,Strings,Cb,Contrabass,ord,ordinario,D3,50,pp,0,1,2.0,False,262428,5.950748299319728,3
886,Strings/Contrabass/ordinario/Cb-ord-D3-pp-3c-T27d.wav,0,Strings,Cb,Contrabass,ord,ordinario,D3,50,pp,0,2,3.0,True,269162,6.10344671201814,3
887,Strings/Contrabass/ordinario/Cb-ord-D3-pp-4c-T15u.wav,0,Strings,Cb,Contrabass,ord,ordinario,D3,50,pp,0,3,4.0,True,334631,7.588004535147392,3
888,Strings/Contrabass/ordinario/Cb-ord-E3-pp-1c-N.wav,1,Strings,Cb,Contrabass,ord,ordinario,E3,52,pp,0,0,1.0,False,336953,7.640657596371882,3
889,Strings/Contrabass/ordinario/Cb-ord-E3-pp-2c-N.wav,1,Strings,Cb,Contrabass,ord,ordinario,E3,52,pp,0,1,2.0,False,252744,5.731156462585034,3
890,Strings/Contrabass/ordinario/Cb-ord-E3-pp-3c-T24d.wav,2,Strings,Cb,Contrabass,ord,ordinario,E3,52,pp,0,2,3.0,True,311959,7.073900226757369,3
891,Strings/Contrabass/ordinario/Cb-ord-F3-pp-1c-N.wav,3,Strings,Cb,Contrabass,ord,ordinario,F3,53,pp,0,0,1.0,False,247735,5.617573696145125,3
892,Strings/Contrabass/ordinario/Cb-ord-F3-pp-2c-N.wav,4,Strings,Cb,Contrabass,ord,ordinario,F3,53,pp,0,1,2.0,False,247969,5.622879818594105,3
894,Strings/Contrabass/ordinario/Cb-ord-G3-pp-1c-T11d.wav,1,Strings,Cb,Contrabass,ord,ordinario,G3,55,pp,0,0,1.0,True,256107,5.8074149659863945,3
895,Strings/Contrabass/ordinario/Cb-ord-G3-pp-2c-T13d.wav,4,Strings,Cb,Contrabass,ord,ordinario,G3,55,pp,0,1,2.0,True,248999,5.646235827664399,3
897,Strings/Contrabass/ordinario/Cb-ord-A3-pp-1c-N.wav,2,Strings,Cb,Contrabass,ord,ordinario,A3,57,pp,0,0,1.0,False,265009,6.009274376417234,3
898,Strings/Contrabass/ordinario/Cb-ord-A3-pp-2c-N.wav,2,Strings,Cb,Contrabass,ord,ordinario,A3,57,pp,0,1,2.0,False,251817,5.710136054421769,3
899,Strings/Contrabass/ordinario/Cb-ord-B3-pp-1c-N.wav,3,Strings,Cb,Contrabass,ord,ordinario,B3,59,pp,0,0,1.0,False,261353,5.926371882086168,3
900,Strings/Contrabass/ordinario/Cb-ord-B3-pp-2c-N.wav,0,Strings,Cb,Contrabass,ord,ordinario,B3,59,pp,0,1,2.0,False,273376,6.199002267573696,3
903,Strings/Contrabass/ordinario/Cb-ord-D4-pp-1c-T12d.wav,1,Strings,Cb,Contrabass,ord,ordinario,D4,62,pp,0,0,1.0,True,244266,5.538911564625851,4
905,Strings/Contrabass/ordinario/Cb-ord-E4-pp-1c-N.wav,0,Strings,Cb,Contrabass,ord,ordinario,E4,64,pp,0,0,1.0,False,233686,5.299002267573696,4
907,Strings/Contrabass/ordinario/Cb-ord-G4-pp-1c-T12d.wav,0,Strings,Cb,Contrabass,ord,ordinario,G4,67,pp,0,0,1.0,True,221711,5.027460317460317,4
941,Strings/Contrabass/ordinario/Cb-ord-C3-mf-1c-N.wav,2,Strings,Cb,Contrabass,ord,ordinario,C3,48,mf,2,0,1.0,False,254450,5.76984126984127,3
945,Strings/Contrabass/ordinario/Cb-ord-D3-mf-1c-N.wav,1,Strings,Cb,Contrabass,ord,ordinario,D3,50,mf,2,0,1.0,False,284192,6.444263038548753,3
946,Strings/Contrabass/ordinario/Cb-ord-D3-mf-2c-N.wav,2,Strings,Cb,Contrabass,ord,ordinario,D3,50,mf,2,1,2.0,False,273823,6.209138321995465,3
949,Strings/Contrabass/ordinario/Cb-ord-E3-mf-1c-N.wav,2,Strings,Cb,Contrabass,ord,ordinario,E3,52,mf,2,0,1.0,False,270277,6.128730158730159,3
950,Strings/Contrabass/ordinario/Cb-ord-E3-mf-2c-N.wav,3,Strings,Cb,Contrabass,ord,ordinario,E3,52,mf,2,1,2.0,False,267931,6.075532879818594,3
951,Strings/Contrabass/ordinario/Cb-ord-E3-mf-3c-T14d.wav,4,Strings,Cb,Contrabass,ord,ordinario,E3,52,mf,2,2,3.0,True,223461,5.067142857142857,3
953,Strings/Contrabass/ordinario/Cb-ord-F3-mf-2c-N.wav,2,Strings,Cb,Contrabass,ord,ordinario,F3,53,mf,2,1,2.0,False,226546,5.137097505668934,3
956,Strings/Contrabass/ordinario/Cb-ord-G3-mf-2c-N.wav,1,Strings,Cb,Contrabass,ord,ordinario,G3,55,mf,2,1,2.0,False,272754,6.184897959183673,3
958,Strings/Contrabass/ordinario/Cb-ord-A3-mf-1c-N.wav,3,Strings,Cb,Contrabass,ord,ordinario,A3,57,mf,2,0,1.0,False,271983,6.167414965986395,3
961,Strings/Contrabass/ordinario/Cb-ord-B3-mf-2c-N.wav,2,Strings,Cb,Contrabass,ord,ordinario,B3,59,mf,2,1,2.0,False,260498,5.906984126984127,3
1006,Strings/Contrabass/ordinario/Cb-ord-D3-ff-1c-N.wav,3,Strings,Cb,Contrabass,ord,ordinario,D3,50,ff,4,0,1.0,False,240781,5.459886621315193,3
1008,Strings/Contrabass/ordinario/Cb-ord-D3-ff-3c-N.wav,2,Strings,Cb,Contrabass,ord,ordinario,D3,50,ff,4,2,3.0,False,305095,6.9182539682539685,3
1009,Strings/Contrabass/ordinario/Cb-ord-D3-ff-4c-T31u.wav,0,Strings,Cb,Contrabass,ord,ordinario,D3,50,ff,4,3,4.0,True,220677,5.004013605442177,3
1011,Strings/Contrabass/ordinario/Cb-ord-E3-ff-2c-T16u.wav,2,Strings,Cb,Contrabass,ord,ordinario,E3,52,ff,4,1,2.0,True,230561,5.228140589569161,3
1012,Strings/Contrabass/ordinario/Cb-ord-E3-ff-3c-T17d.wav,2,Strings,Cb,Contrabass,ord,ordinario,E3,52,ff,4,2,3.0,True,240928,5.463219954648526,3
1020,Strings/Contrabass/ordinario/Cb-ord-A3-ff-2c-N.wav,4,Strings,Cb,Contrabass,ord,ordinario,A3,57,ff,4,1,2.0,False,242453,5.497800453514739,3
1033,Strings/Viola/ordinario/Va-ord-C3-pp-4c-N.wav,3,Strings,Va,Viola,ord,ordinario,C3,48,pp,0,3,4.0,False,354767,8.044603174603175,3
1034,Strings/Viola/ordinario/Va-ord-D3-pp-4c-N.wav,2,Strings,Va,Viola,ord,ordinario,D3,50,pp,0,3,4.0,False,331768,7.523083900226758,3
1035,Strings/Viola/ordinario/Va-ord-E3-pp-4c-T17u.wav,0,Strings,Va,Viola,ord,ordinario,E3,52,pp,0,3,4.0,True,320107,7.258662131519275,3
1036,Strings/Viola/ordinario/Va-ord-F3-pp-4c-N.wav,1,Strings,Va,Viola,ord,ordinario,F3,53,pp,0,3,4.0,False,312240,7.080272108843538,3
1037,Strings/Viola/ordinario/Va-ord-G3-pp-3c-N.wav,0,Strings,Va,Viola,ord,ordinario,G3,55,pp,0,2,3.0,False,375271,8.50954648526077,3
1038,Strings/Viola/ordinario/Va-ord-G3-pp-4c-T19u.wav,1,Strings,Va,Viola,ord,ordinario,G3,55,pp,0,3,4.0,True,354990,8.049659863945578,3
1039,Strings/Viola/ordinario/Va-ord-A3-pp-3c-N.wav,2,Strings,Va,Viola,ord,ordinario,A3,57,pp,0,2,3.0,False,315182,7.146984126984127,3
1040,Strings/Viola/ordinario/Va-ord-A3-pp-4c-T14u.wav,3,Strings,Va,Viola,ord,ordinario,A3,57,pp,0,3,4.0,True,325018,7.370022675736961,3
1041,Strings/Viola/ordinario/Va-ord-B3-pp-3c-T12u.wav,0,Strings,Va,Viola,ord,ordinario,B3,59,pp,0,2,3.0,True,319428,7.243265306122449,3
1042,Strings/Viola/ordinario/Va-ord-B3-pp-4c-N.wav,2,Strings,Va,Viola,ord,ordinario,B3,59,pp,0,3,4.0,False,311005,7.052267573696145,3
1043,Strings/Viola/ordinario/Va-ord-C4-pp-3c-N.wav,2,Strings,Va,Viola,ord,ordinario,C4,60,pp,0,2,3.0,False,327324,7.422312925170068,4
1044,Strings/Viola/ordinario/Va-ord-C4-pp-4c-N.wav,2,Strings,Va,Viola,ord,ordinario,C4,60,pp,0,3,4.0,False,314275,7.12641723356009,4
1045,Strings/Viola/ordinario/Va-ord-D4-pp-2c-N.wav,3,Strings,Va,Viola,ord,ordinario,D4,62,pp,0,1,2.0,False,467372,10.598004535147393,4
1046,Strings/Viola/ordinario/Va-ord-D4-pp-3c-N.wav,3,Strings,Va,Viola,ord,ordinario,D4,62,pp,0,2,3.0,False,331915,7.526417233560091,4
1047,Strings/Viola/ordinario/Va-ord-D4-pp-4c-N.wav,1,Strings,Va,Viola,ord,ordinario,D4,62,pp,0,3,4.0,False,317754,7.205306122448979,4
1048,Strings/Viola/ordinario/Va-ord-E4-pp-2c-N.wav,4,Strings,Va,Viola,ord,ordinario,E4,64,pp,0,1,2.0,False,322594,7.315056689342404,4
1049,Strings/Viola/ordinario/Va-ord-E4-pp-3c-N.wav,3,Strings,Va,Viola,ord,ordinario,E4,64,pp,0,2,3.0,False,337823,7.660385487528345,4
1050,Strings/Viola/ordinario/Va-ord-E4-pp-4c-N.wav,0,Strings,Va,Viola,ord,ordinario,E4,64,pp,0,3,4.0,False,311233,7.057437641723356,4
1051,Strings/Viola/ordinario/Va-ord-F4-pp-2c-N.wav,4,Strings,Va,Viola,ord,ordinario,F4,65,pp,0,1,2.0,False,326536,7.404444444444445,4
1052,Strings/Viola/ordinario/Va-ord-F4-pp-3c-N.wav,0,Strings,Va,Viola,ord,ordinario,F4,65,pp,0,2,3.0,False,330288,7.48952380952381,4
1053,Strings/Viola/ordinario/Va-ord-F4-pp-4c-N.wav,1,Strings,Va,Viola,ord,ordinario,F4,65,pp,0,3,4.0,False,320602,7.269886621315193,4
1054,Strings/Viola/ordinario/Va-ord-G4-pp-2c-N.wav,0,Strings,Va,Viola,ord,ordinario,G4,67,pp,0,1,2.0,False,366559,8.311995464852608,4
1055,Strings/Viola/ordinario/Va-ord-G4-pp-3c-N.wav,0,Strings,Va,Viola,ord,ordinario,G4,67,pp,0,2,3.0,False,307429,6.971179138321996,4
1056,Strings/Viola/ordinario/Va-ord-G4-pp-4c-N.wav,2,Strings,Va,Viola,ord,ordinario,G4,67,pp,0,3,4.0,False,336485,7.630045351473923,4
1057,Strings/Viola/ordinario/Va-ord-A4-pp-1c-N.wav,0,Strings,Va,Viola,ord,ordinario,A4,69,pp,0,0,1.0,False,346790,7.863718820861678,4
1058,Strings/Viola/ordinario/Va-ord-A4-pp-2c-N.wav,2,Strings,Va,Viola,ord,ordinario,A4,69,pp,0,1,2.0,False,337470,7.652380952380953,4
1059,Strings/Viola/ordinario/Va-ord-A4-pp-3c-N.wav,3,Strings,Va,Viola,ord,ordinario,A4,69,pp,0,2,3.0,False,320814,7.27469387755102,4
1060,Strings/Viola/ordinario/Va-ord-A4-pp-4c-N.wav,0,Strings,Va,Viola,ord,ordinario,A4,69,pp,0,3,4.0,False,326027,7.392902494331066,4
1061,Strings/Viola/ordinario/Va-ord-B4-pp-1c-N.wav,1,Strings,Va,Viola,ord,ordinario,B4,71,pp,0,0,1.0,False,320818,7.274784580498866,4
1062,Strings/Viola/ordinario/Va-ord-B4-pp-2c-N.wav,1,Strings,Va,Viola,ord,ordinario,B4,71,pp,0,1,2.0,False,320757,7.273401360544217,4
1063,Strings/Viola/ordinario/Va-ord-B4-pp-3c-T11d.wav,4,Strings,Va,Viola,ord,ordinario,B4,71,pp,0,2,3.0,True,343589,7.791133786848072,4
1064,Strings/Viola/ordinario/Va-ord-B4-pp-4c-N.wav,0,Strings,Va,Viola,ord,ordinario,B4,71,pp,0,3,4.0,False,355325,8.057256235827664,4
1065,Strings/Viola/ordinario/Va-ord-C5-pp-1c-N.wav,1,Strings,Va,Viola,ord,ordinario,C5,72,pp,0,0,1.0,False,329160,7.463945578231293,5
1066,Strings/Viola/ordinario/Va-ord-C5-pp-2c-N.wav,2,Strings,Va,Viola,ord,ordinario,C5,72,pp,0,1,2.0,False,314535,7.132312925170068,5
1067,Strings/Viola/ordinario/Va-ord-C5-pp-3c-N.wav,2,Strings,Va,Viola,ord,ordinario,C5,72,pp,0,2,3.0,False,333401,7.560113378684807,5
1068,Strings/Viola/ordinario/Va-ord-C5-pp-4c-T20u.wav,4,Strings,Va,Viola,ord,ordinario,C5,72,pp,0,3,4.0,True,309213,7.011632653061224,5
1069,Strings/Viola/ordinario/Va-ord-D5-pp-1c-N.wav,0,Strings,Va,Viola,ord,ordinario,D5,74,pp,0,0,1.0,False,311830,7.070975056689343,5
1070,Strings/Viola/ordinario/Va-ord-D5-pp-2c-N.wav,2,Strings,Va,Viola,ord,ordinario,D5,74,pp,0,1,2.0,False,325473,7.380340136054421,5
1071,Strings/Viola/ordinario/Va-ord-D5-pp-3c-N.wav,0,Strings,Va,Viola,ord,ordinario,D5,74,pp,0,2,3.0,False,308664,6.999183673469388,5
1072,Strings/Viola/ordinario/Va-ord-E5-pp-1c-T18u.wav,1,Strings,Va,Viola,ord,ordinario,E5,76,pp,0,0,1.0,True,340288,7.716281179138322,5
1073,Strings/Viola/ordinario/Va-ord-E5-pp-2c-T11u.wav,2,Strings,Va,Viola,ord,ordinario,E5,76,pp,0,1,2.0,True,314084,7.122086167800454,5
1074,Strings/Viola/ordinario/Va-ord-E5-pp-3c-T13u.wav,0,Strings,Va,Viola,ord,ordinario,E5,76,pp,0,2,3.0,True,302580,6.8612244897959185,5
1075,Strings/Viola/ordinario/Va-ord-F5-pp-1c-N.wav,4,Strings,Va,Viola,ord,ordinario,F5,77,pp,0,0,1.0,False,315481,7.153764172335601,5
1076,Strings/Viola/ordinario/Va-ord-F5-pp-2c-N.wav,1,Strings,Va,Viola,ord,ordinario,F5,77,pp,0,1,2.0,False,324156,7.350476190476191,5
1077,Strings/Viola/ordinario/Va-ord-F5-pp-3c-N.wav,4,Strings,Va,Viola,ord,ordinario,F5,77,pp,0,2,3.0,False,346582,7.859002267573696,5
1078,Strings/Viola/ordinario/Va-ord-G5-pp-1c-N.wav,1,Strings,Va,Viola,ord,ordinario,G5,79,pp,0,0,1.0,False,325148,7.3729705215419505,5
1079,Strings/Viola/ordinario/Va-ord-G5-pp-2c-N.wav,1,Strings,Va,Viola,ord,ordinario,G5,79,pp,0,1,2.0,False,323920,7.345124716553288,5
1080,Strings/Viola/ordinario/Va-ord-G5-pp-3c-T15u.wav,3,Strings,Va,Viola,ord,ordinario,G5,79,pp,0,2,3.0,True,324667,7.362063492063492,5
1081,Strings/Viola/ordinario/Va-ord-A5-pp-1c-N.wav,0,Strings,Va,Viola,ord,ordinario,A5,81,pp,0,0,1.0,False,320931,7.27734693877551,5
1082,Strings/Viola/ordinario/Va-ord-A5-pp-2c-T11u.wav,2,Strings,Va,Viola,ord,ordinario,A5,81,pp,0,1,2.0,True,315440,7.152834467120181,5
1083,Strings/Viola/ordinario/Va-ord-B5-pp-1c-T14u.wav,4,Strings,Va,Viola,ord,ordinario,B5,83,pp,0,0,1.0,True,315474,7.153605442176871,5
1084,Strings/Viola/ordinario/Va-ord-B5-pp-2c-T20u.wav,3,Strings,Va,Viola,ord,ordinario,B5,83,pp,0,1,2.0,True,298940,6.778684807256236,5
1095,Strings/Viola/ordinario/Va-ord-C3-mf-4c-N.wav,2,Strings,Va,Viola,ord,ordinario,C3,48,mf,2,3,4.0,False,356653,8.087369614512472,3
1096,Strings/Viola/ordinario/Va-ord-D3-mf-4c-N.wav,0,Strings,Va,Viola,ord,ordinario,D3,50,mf,2,3,4.0,False,335114,7.598956916099773,3
1097,Strings/Viola/ordinario/Va-ord-E3-mf-4c-T19u.wav,2,Strings,Va,Viola,ord,ordinario,E3,52,mf,2,3,4.0,True,323378,7.332834467120182,3
1098,Strings/Viola/ordinario/Va-ord-F3-mf-4c-N.wav,0,Strings,Va,Viola,ord,ordinario,F3,53,mf,2,3,4.0,False,317519,7.199977324263038,3
1099,Strings/Viola/ordinario/Va-ord-G3-mf-3c-N.wav,1,Strings,Va,Viola,ord,ordinario,G3,55,mf,2,2,3.0,False,409681,9.28981859410431,3
1100,Strings/Viola/ordinario/Va-ord-G3-mf-4c-T21u.wav,3,Strings,Va,Viola,ord,ordinario,G3,55,mf,2,3,4.0,True,330305,7.489909297052154,3
1101,Strings/Viola/ordinario/Va-ord-A3-mf-3c-R100d.wav,3,Strings,Va,Viola,ord,ordinario,A3,57,mf,2,2,3.0,True,355842,8.068979591836735,3
1102,Strings/Viola/ordinario/Va-ord-A3-mf-4c-T10u.wav,3,Strings,Va,Viola,ord,ordinario,A3,57,mf,2,3,4.0,True,317993,7.210725623582767,3
1103,Strings/Viola/ordinario/Va-ord-B3-mf-3c-T16u.wav,1,Strings,Va,Viola,ord,ordinario,B3,59,mf,2,2,3.0,True,329824,7.479002267573696,3
1104,Strings/Viola/ordinario/Va-ord-B3-mf-4c-N.wav,3,Strings,Va,Viola,ord,ordinario,B3,59,mf,2,3,4.0,False,312679,7.0902267573696145,3
1105,Strings/Viola/ordinario/Va-ord-C4-mf-3c-N.wav,2,Strings,Va,Viola,ord,ordinario,C4,60,mf,2,2,3.0,False,333182,7.555147392290249,4
1106,Strings/Viola/ordinario/Va-ord-C4-mf-4c-N.wav,0,Strings,Va,Viola,ord,ordinario,C4,60,mf,2,3,4.0,False,310243,7.03498866213152,4
1107,Strings/Viola/ordinario/Va-ord-D4-mf-2c-N.wav,0,Strings,Va,Viola,ord,ordinario,D4,62,mf,2,1,2.0,False,419165,9.504875283446712,4
1108,Strings/Viola/ordinario/Va-ord-D4-mf-3c-N.wav,2,Strings,Va,Viola,ord,ordinario,D4,62,mf,2,2,3.0,False,322226,7.30671201814059,4
1109,Strings/Viola/ordinario/Va-ord-D4-mf-4c-N.wav,4,Strings,Va,Viola,ord,ordinario,D4,62,mf,2,3,4.0,False,354030,8.027891156462585,4
1110,Strings/Viola/ordinario/Va-ord-E4-mf-2c-N.wav,4,Strings,Va,Viola,ord,ordinario,E4,64,mf,2,1,2.0,False,318232,7.216145124716554,4
1111,Strings/Viola/ordinario/Va-ord-E4-mf-3c-N.wav,3,Strings,Va,Viola,ord,ordinario,E4,64,mf,2,2,3.0,False,333862,7.570566893424036,4
1112,Strings/Viola/ordinario/Va-ord-E4-mf-4c-N.wav,3,Strings,Va,Viola,ord,ordinario,E4,64,mf,2,3,4.0,False,309320,7.0140589569161,4
1113,Strings/Viola/ordinario/Va-ord-F4-mf-2c-N.wav,1,Strings,Va,Viola,ord,ordinario,F4,65,mf,2,1,2.0,False,338521,7.6762131519274375,4
1114,Strings/Viola/ordinario/Va-ord-F4-mf-3c-N.wav,2,Strings,Va,Viola,ord,ordinario,F4,65,mf,2,2,3.0,False,329923,7.48124716553288,4
1115,Strings/Viola/ordinario/Va-ord-F4-mf-4c-N.wav,2,Strings,Va,Viola,ord,ordinario,F4,65,mf,2,3,4.0,False,317871,7.207959183673469,4
1116,Strings/Viola/ordinario/Va-ord-G4-mf-2c-N.wav,3,Strings,Va,Viola,ord,ordinario,G4,67,mf,2,1,2.0,False,350894,7.956780045351474,4
1117,Strings/Viola/ordinario/Va-ord-G4-mf-3c-N.wav,3,Strings,Va,Viola,ord,ordinario,G4,67,mf,2,2,3.0,False,313066,7.099002267573696,4
1118,Strings/Viola/ordinario/Va-ord-G4-mf-4c-N.wav,1,Strings,Va,Viola,ord,ordinario,G4,67,mf,2,3,4.0,False,338379,7.672993197278911,4
1119,Strings/Viola/ordinario/Va-ord-A4-mf-1c-N.wav,3,Strings,Va,Viola,ord,ordinario,A4,69,mf,2,0,1.0,False,351676,7.974512471655329,4
1120,Strings/Viola/ordinario/Va-ord-A4-mf-2c-N.wav,1,Strings,Va,Viola,ord,ordinario,A4,69,mf,2,1,2.0,False,333001,7.551043083900227,4
1121,Strings/Viola/ordinario/Va-ord-A4-mf-3c-N.wav,1,Strings,Va,Viola,ord,ordinario,A4,69,mf,2,2,3.0,False,331630,7.5199546485260775,4
1122,Strings/Viola/ordinario/Va-ord-A4-mf-4c-N.wav,2,Strings,Va,Viola,ord,ordinario,A4,69,mf,2,3,4.0,False,337389,7.650544217687075,4
1123,Strings/Viola/ordinario/Va-ord-B4-mf-1c-N.wav,0,Strings,Va,Viola,ord,ordinario,B4,71,mf,2,0,1.0,False,349233,7.919115646258503,4
1124,Strings/Viola/ordinario/Va-ord-B4-mf-2c-N.wav,0,Strings,Va,Viola,ord,ordinario,B4,71,mf,2,1,2.0,False,319432,7.243356009070295,4
1125,Strings/Viola/ordinario/Va-ord-B4-mf-3c-N.wav,3,Strings,Va,Viola,ord,ordinario,B4,71,mf,2,2,3.0,False,347661,7.883469387755102,4
1126,Strings/Viola/ordinario/Va-ord-B4-mf-4c-N.wav,0,Strings,Va,Viola,ord,ordinario,B4,71,mf,2,3,4.0,False,331915,7.526417233560091,4
1127,Strings/Viola/ordinario/Va-ord-C5-mf-1c-N.wav,2,Strings,Va,Viola,ord,ordinario,C5,72,mf,2,0,1.0,False,311023,7.052675736961452,5
1128,Strings/Viola/ordinario/Va-ord-C5-mf-2c-N.wav,1,Strings,Va,Viola,ord,ordinario,C5,72,mf,2,1,2.0,False,341923,7.753356009070295,5
1129,Strings/Viola/ordinario/Va-ord-C5-mf-3c-N.wav,3,Strings,Va,Viola,ord,ordinario,C5,72,mf,2,2,3.0,False,353613,8.018435374149659,5
1130,Strings/Viola/ordinario/Va-ord-C5-mf-4c-T21u.wav,4,Strings,Va,Viola,ord,ordinario,C5,72,mf,2,3,4.0,True,320349,7.2641496598639455,5
1131,Strings/Viola/ordinario/Va-ord-D5-mf-1c-N.wav,3,Strings,Va,Viola,ord,ordinario,D5,74,mf,2,0,1.0,False,350371,7.944920634920635,5
1132,Strings/Viola/ordinario/Va-ord-D5-mf-2c-N.wav,2,Strings,Va,Viola,ord,ordinario,D5,74,mf,2,1,2.0,False,353009,8.004739229024944,5
1133,Strings/Viola/ordinario/Va-ord-D5-mf-3c-T10d.wav,4,Strings,Va,Viola,ord,ordinario,D5,74,mf,2,2,3.0,True,360038,8.164126984126984,5
1134,Strings/Viola/ordinario/Va-ord-E5-mf-1c-T16u.wav,2,Strings,Va,Viola,ord,ordinario,E5,76,mf,2,0,1.0,True,332070,7.529931972789115,5
1135,Strings/Viola/ordinario/Va-ord-E5-mf-2c-T11u.wav,2,Strings,Va,Viola,ord,ordinario,E5,76,mf,2,1,2.0,True,330811,7.501383219954649,5
1136,Strings/Viola/ordinario/Va-ord-E5-mf-3c-N.wav,0,Strings,Va,Viola,ord,ordinario,E5,76,mf,2,2,3.0,False,344534,7.812562358276644,5
1137,Strings/Viola/ordinario/Va-ord-F5-mf-1c-N.wav,4,Strings,Va,Viola,ord,ordinario,F5,77,mf,2,0,1.0,False,342767,7.77249433106576,5
1138,Strings/Viola/ordinario/Va-ord-F5-mf-2c-T12u.wav,4,Strings,Va,Viola,ord,ordinario,F5,77,mf,2,1,2.0,True,315091,7.144920634920635,5
1139,Strings/Viola/ordinario/Va-ord-F5-mf-3c-N.wav,0,Strings,Va,Viola,ord,ordinario,F5,77,mf,2,2,3.0,False,355049,8.050997732426303,5
1140,Strings/Viola/ordinario/Va-ord-G5-mf-1c-N.wav,4,Strings,Va,Viola,ord,ordinario,G5,79,mf,2,0,1.0,False,338147,7.667732426303854,5
1141,Strings/Viola/ordinario/Va-ord-G5-mf-2c-N.wav,4,Strings,Va,Viola,ord,ordinario,G5,79,mf,2,1,2.0,False,327885,7.435034013605442,5
1142,Strings/Viola/ordinario/Va-ord-G5-mf-3c-N.wav,2,Strings,Va,Viola,ord,ordinario,G5,79,mf,2,2,3.0,False,364758,8.271156462585035,5
1143,Strings/Viola/ordinario/Va-ord-A5-mf-1c-N.wav,4,Strings,Va,Viola,ord,ordinario,A5,81,mf,2,0,1.0,False,334063,7.575124716553288,5
1144,Strings/Viola/ordinario/Va-ord-A5-mf-2c-N.wav,0,Strings,Va,Viola,ord,ordinario,A5,81,mf,2,1,2.0,False,318233,7.216167800453515,5
1145,Strings/Viola/ordinario/Va-ord-B5-mf-1c-T15u.wav,0,Strings,Va,Viola,ord,ordinario,B5,83,mf,2,0,1.0,True,343749,7.794761904761905,5
1146,Strings/Viola/ordinario/Va-ord-B5-mf-2c-N.wav,1,Strings,Va,Viola,ord,ordinario,B5,83,mf,2,1,2.0,False,329279,7.466643990929705,5
1157,Strings/Viola/ordinario/Va-ord-C3-ff-4c-N.wav,1,Strings,Va,Viola,ord,ordinario,C3,48,ff,4,3,4.0,False,371928,8.433741496598639,3
1158,Strings/Viola/ordinario/Va-ord-D3-ff-4c-N.wav,0,Strings,Va,Viola,ord,ordinario,D3,50,ff,4,3,4.0,False,355816,8.068390022675738,3
1159,Strings/Viola/ordinario/Va-ord-E3-ff-4c-T23u.wav,1,Strings,Va,Viola,ord,ordinario,E3,52,ff,4,3,4.0,True,336851,7.638344671201814,3
1160,Strings/Viola/ordinario/Va-ord-F3-ff-4c-T23u_R100u.wav,2,Strings,Va,Viola,ord,ordinario,F3,53,ff,4,3,4.0,True,317946,7.2096598639455785,3
1161,Strings/Viola/ordinario/Va-ord-G3-ff-3c-N.wav,1,Strings,Va,Viola,ord,ordinario,G3,55,ff,4,2,3.0,False,431530,9.785260770975057,3
1162,Strings/Viola/ordinario/Va-ord-G3-ff-4c-T22u.wav,1,Strings,Va,Viola,ord,ordinario,G3,55,ff,4,3,4.0,True,342333,7.76265306122449,3
1163,Strings/Viola/ordinario/Va-ord-A3-ff-3c-N.wav,3,Strings,Va,Viola,ord,ordinario,A3,57,ff,4,2,3.0,False,370067,8.391541950113378,3
1164,Strings/Viola/ordinario/Va-ord-A3-ff-4c-T16u.wav,3,Strings,Va,Viola,ord,ordinario,A3,57,ff,4,3,4.0,True,339926,7.708072562358277,3
1165,Strings/Viola/ordinario/Va-ord-B3-ff-3c-T18u.wav,3,Strings,Va,Viola,ord,ordinario,B3,59,ff,4,2,3.0,True,358701,8.133809523809523,3
1166,Strings/Viola/ordinario/Va-ord-B3-ff-4c-N.wav,2,Strings,Va,Viola,ord,ordinario,B3,59,ff,4,3,4.0,False,319933,7.254716553287982,3
1167,Strings/Viola/ordinario/Va-ord-C4-ff-3c-N.wav,0,Strings,Va,Viola,ord,ordinario,C4,60,ff,4,2,3.0,False,383937,8.706054421768707,4
1168,Strings/Viola/ordinario/Va-ord-C4-ff-4c-N.wav,0,Strings,Va,Viola,ord,ordinario,C4,60,ff,4,3,4.0,False,294097,6.668866213151928,4
1169,Strings/Viola/ordinario/Va-ord-D4-ff-2c-N.wav,2,Strings,Va,Viola,ord,ordinario,D4,62,ff,4,1,2.0,False,398308,9.031927437641723,4
1170,Strings/Viola/ordinario/Va-ord-D4-ff-3c-N.wav,1,Strings,Va,Viola,ord,ordinario,D4,62,ff,4,2,3.0,False,350812,7.954920634920635,4
1171,Strings/Viola/ordinario/Va-ord-D4-ff-4c-N.wav,2,Strings,Va,Viola,ord,ordinario,D4,62,ff,4,3,4.0,False,354932,8.048344671201814,4
1172,Strings/Viola/ordinario/Va-ord-E4-ff-2c-N.wav,3,Strings,Va,Viola,ord,ordinario,E4,64,ff,4,1,2.0,False,337086,7.643673469387755,4
1173,Strings/Viola/ordinario/Va-ord-E4-ff-3c-N.wav,0,Strings,Va,Viola,ord,ordinario,E4,64,ff,4,2,3.0,False,342559,7.767777777777778,4
1174,Strings/Viola/ordinario/Va-ord-E4-ff-4c-N.wav,4,Strings,Va,Viola,ord,ordinario,E4,64,ff,4,3,4.0,False,324272,7.353106575963719,4
1175,Strings/Viola/ordinario/Va-ord-F4-ff-2c-T10u.wav,2,Strings,Va,Viola,ord,ordinario,F4,65,ff,4,1,2.0,True,349503,7.925238095238095,4
1176,Strings/Viola/ordinario/Va-ord-F4-ff-3c-N.wav,1,Strings,Va,Viola,ord,ordinario,F4,65,ff,4,2,3.0,False,344438,7.810385487528345,4
1177,Strings/Viola/ordinario/Va-ord-F4-ff-4c-N.wav,0,Strings,Va,Viola,ord,ordinario,F4,65,ff,4,3,4.0,False,332376,7.53687074829932,4
1178,Strings/Viola/ordinario/Va-ord-G4-ff-2c-N.wav,0,Strings,Va,Viola,ord,ordinario,G4,67,ff,4,1,2.0,False,351059,7.960521541950113,4
1179,Strings/Viola/ordinario/Va-ord-G4-ff-3c-N.wav,3,Strings,Va,Viola,ord,ordinario,G4,67,ff,4,2,3.0,False,351190,7.963492063492064,4
1180,Strings/Viola/ordinario/Va-ord-G4-ff-4c-N.wav,2,Strings,Va,Viola,ord,ordinario,G4,67,ff,4,3,4.0,False,344392,7.809342403628118,4
1181,Strings/Viola/ordinario/Va-ord-A4-ff-1c-N.wav,4,Strings,Va,Viola,ord,ordinario,A4,69,ff,4,0,1.0,False,355113,8.052448979591837,4
1182,Strings/Viola/ordinario/Va-ord-A4-ff-2c-N.wav,0,Strings,Va,Viola,ord,ordinario,A4,69,ff,4,1,2.0,False,340247,7.715351473922903,4
1183,Strings/Viola/ordinario/Va-ord-A4-ff-3c-R100d.wav,0,Strings,Va,Viola,ord,ordinario,A4,69,ff,4,2,3.0,True,356383,8.08124716553288,4
1184,Strings/Viola/ordinario/Va-ord-A4-ff-4c-N.wav,2,Strings,Va,Viola,ord,ordinario,A4,69,ff,4,3,4.0,False,348105,7.893537414965986,4
1185,Strings/Viola/ordinario/Va-ord-B4-ff-1c-T10u.wav,0,Strings,Va,Viola,ord,ordinario,B4,71,ff,4,0,1.0,True,328920,7.458503401360544,4
1186,Strings/Viola/ordinario/Va-ord-B4-ff-2c-T11u.wav,3,Strings,Va,Viola,ord,ordinario,B4,71,ff,4,1,2.0,True,333008,7.551201814058957,4
1187,Strings/Viola/ordinario/Va-ord-B4-ff-3c-N.wav,0,Strings,Va,Viola,ord,ordinario,B4,71,ff,4,2,3.0,False,358919,8.13875283446712,4
1188,Strings/Viola/ordinario/Va-ord-B4-ff-4c-N.wav,0,Strings,Va,Viola,ord,ordinario,B4,71,ff,4,3,4.0,False,318519,7.22265306122449,4
1189,Strings/Viola/ordinario/Va-ord-C5-ff-1c-N.wav,1,Strings,Va,Viola,ord,ordinario,C5,72,ff,4,0,1.0,False,337036,7.642539682539683,5
1190,Strings/Viola/ordinario/Va-ord-C5-ff-2c-N.wav,3,Strings,Va,Viola,ord,ordinario,C5,72,ff,4,1,2.0,False,339212,7.691882086167801,5
1191,Strings/Viola/ordinario/Va-ord-C5-ff-3c-N.wav,4,Strings,Va,Viola,ord,ordinario,C5,72,ff,4,2,3.0,False,349050,7.914965986394558,5
1192,Strings/Viola/ordinario/Va-ord-C5-ff-4c-T17u.wav,4,Strings,Va,Viola,ord,ordinario,C5,72,ff,4,3,4.0,True,329153,7.463786848072562,5
1193,Strings/Viola/ordinario/Va-ord-D5-ff-1c-N.wav,0,Strings,Va,Viola,ord,ordinario,D5,74,ff,4,0,1.0,False,333693,7.566734693877551,5
1194,Strings/Viola/ordinario/Va-ord-D5-ff-2c-N.wav,3,Strings,Va,Viola,ord,ordinario,D5,74,ff,4,1,2.0,False,346479,7.8566666666666665,5
1195,Strings/Viola/ordinario/Va-ord-D5-ff-3c-N.wav,2,Strings,Va,Viola,ord,ordinario,D5,74,ff,4,2,3.0,False,358212,8.122721088435375,5
1196,Strings/Viola/ordinario/Va-ord-E5-ff-1c-T13u.wav,2,Strings,Va,Viola,ord,ordinario,E5,76,ff,4,0,1.0,True,334156,7.577233560090703,5
1197,Strings/Viola/ordinario/Va-ord-E5-ff-2c-T16u.wav,4,Strings,Va,Viola,ord,ordinario,E5,76,ff,4,1,2.0,True,329666,7.4754195011337865,5
1198,Strings/Viola/ordinario/Va-ord-E5-ff-3c-N.wav,4,Strings,Va,Viola,ord,ordinario,E5,76,ff,4,2,3.0,False,335647,7.611043083900227,5
1199,Strings/Viola/ordinario/Va-ord-F5-ff-1c-N.wav,4,Strings,Va,Viola,ord,ordinario,F5,77,ff,4,0,1.0,False,351701,7.975079365079365,5
1200,Strings/Viola/ordinario/Va-ord-F5-ff-2c-T11u.wav,0,Strings,Va,Viola,ord,ordinario,F5,77,ff,4,1,2.0,True,304438,6.903356009070294,5
1201,Strings/Viola/ordinario/Va-ord-F5-ff-3c-N.wav,4,Strings,Va,Viola,ord,ordinario,F5,77,ff,4,2,3.0,False,350467,7.947097505668935,5
1202,Strings/Viola/ordinario/Va-ord-G5-ff-1c-N.wav,4,Strings,Va,Viola,ord,ordinario,G5,79,ff,4,0,1.0,False,344354,7.808480725623583,5
1203,Strings/Viola/ordinario/Va-ord-G5-ff-2c-N.wav,4,Strings,Va,Viola,ord,ordinario,G5,79,ff,4,1,2.0,False,306614,6.952698412698413,5
1204,Strings/Viola/ordinario/Va-ord-G5-ff-3c-N.wav,1,Strings,Va,Viola,ord,ordinario,G5,79,ff,4,2,3.0,False,355292,8.056507936507936,5
1205,Strings/Viola/ordinario/Va-ord-A5-ff-1c-N.wav,2,Strings,Va,Viola,ord,ordinario,A5,81,ff,4,0,1.0,False,319704,7.24952380952381,5
1206,Strings/Viola/ordinario/Va-ord-A5-ff-2c-N.wav,1,Strings,Va,Viola,ord,ordinario,A5,81,ff,4,1,2.0,False,309356,7.014875283446712,5
1207,Strings/Viola/ordinario/Va-ord-B5-ff-1c-T18u.wav,2,Strings,Va,Viola,ord,ordinario,B5,83,ff,4,0,1.0,True,330908,7.5035827664399095,5
1208,Strings/Viola/ordinario/Va-ord-B5-ff-2c-N.wav,4,Strings,Va,Viola,ord,ordinario,B5,83,ff,4,1,2.0,False,316886,7.18562358276644,5
1219,Strings/Violin/ordinario/Vn-ord-G3-pp-4c-N.wav,2,Strings,Vn,Violin,ord,ordinario,G3,55,pp,0,3,4.0,False,404946,9.182448979591836,3
1220,Strings/Violin/ordinario/Vn-ord-A3-pp-4c-N.wav,2,Strings,Vn,Violin,ord,ordinario,A3,57,pp,0,3,4.0,False,354811,8.045600907029478,3
1221,Strings/Violin/ordinario/Vn-ord-B3-pp-4c-T10u.wav,1,Strings,Vn,Violin,ord,ordinario,B3,59,pp,0,3,4.0,True,315958,7.164580498866213,3
1222,Strings/Violin/ordinario/Vn-ord-C4-pp-4c-N.wav,2,Strings,Vn,Violin,ord,ordinario,C4,60,pp,0,3,4.0,False,320764,7.273560090702948,4
1223,Strings/Violin/ordinario/Vn-ord-D4-pp-3c-N.wav,1,Strings,Vn,Violin,ord,ordinario,D4,62,pp,0,2,3.0,False,343971,7.799795918367347,4
1224,Strings/Violin/ordinario/Vn-ord-D4-pp-4c-N.wav,2,Strings,Vn,Violin,ord,ordinario,D4,62,pp,0,3,4.0,False,363279,8.237619047619047,4
1225,Strings/Violin/ordinario/Vn-ord-E4-pp-3c-N.wav,2,Strings,Vn,Violin,ord,ordinario,E4,64,pp,0,2,3.0,False,358533,8.13,4
1226,Strings/Violin/ordinario/Vn-ord-E4-pp-4c-N.wav,3,Strings,Vn,Violin,ord,ordinario,E4,64,pp,0,3,4.0,False,343944,7.799183673469388,4
1227,Strings/Violin/ordinario/Vn-ord-F4-pp-3c-N.wav,1,Strings,Vn,Violin,ord,ordinario,F4,65,pp,0,2,3.0,False,340218,7.714693877551021,4
1228,Strings/Violin/ordinario/Vn-ord-F4-pp-4c-N.wav,2,Strings,Vn,Violin,ord,ordinario,F4,65,pp,0,3,4.0,False,324834,7.365850340136054,4
1229,Strings/Violin/ordinario/Vn-ord-G4-pp-3c-N.wav,3,Strings,Vn,Violin,ord,ordinario,G4,67,pp,0,2,3.0,False,334968,7.595646258503401,4
1230,Strings/Violin/ordinario/Vn-ord-G4-pp-4c-N.wav,1,Strings,Vn,Violin,ord,ordinario,G4,67,pp,0,3,4.0,False,351050,7.9603174603174605,4
1231,Strings/Violin/ordinario/Vn-ord-A4-pp-2c-N.wav,2,Strings,Vn,Violin,ord,ordinario,A4,69,pp,0,1,2.0,False,329600,7.473922902494331,4
1232,Strings/Violin/ordinario/Vn-ord-A4-pp-3c-N.wav,2,Strings,Vn,Violin,ord,ordinario,A4,69,pp,0,2,3.0,False,324545,7.359297052154195,4
1233,Strings/Violin/ordinario/Vn-ord-A4-pp-4c-N.wav,2,Strings,Vn,Violin,ord,ordinario,A4,69,pp,0,3,4.0,False,386970,8.77482993197279,4
1234,Strings/Violin/ordinario/Vn-ord-B4-pp-2c-N.wav,0,Strings,Vn,Violin,ord,ordinario,B4,71,pp,0,1,2.0,False,351114,7.961768707482993,4
1235,Strings/Violin/ordinario/Vn-ord-B4-pp-3c-N.wav,1,Strings,Vn,Violin,ord,ordinario,B4,71,pp,0,2,3.0,False,326452,7.4025396825396825,4
1236,Strings/Violin/ordinario/Vn-ord-B4-pp-4c-N.wav,4,Strings,Vn,Violin,ord,ordinario,B4,71,pp,0,3,4.0,False,354010,8.027437641723356,4
1237,Strings/Violin/ordinario/Vn-ord-C5-pp-2c-N.wav,4,Strings,Vn,Violin,ord,ordinario,C5,72,pp,0,1,2.0,False,336235,7.62437641723356,5
1238,Strings/Violin/ordinario/Vn-ord-C5-pp-3c-N.wav,1,Strings,Vn,Violin,ord,ordinario,C5,72,pp,0,2,3.0,False,308771,7.001609977324263,5
1239,Strings/Violin/ordinario/Vn-ord-C5-pp-4c-N.wav,4,Strings,Vn,Violin,ord,ordinario,C5,72,pp,0,3,4.0,False,324511,7.358526077097506,5
1240,Strings/Violin/ordinario/Vn-ord-D5-pp-2c-N.wav,3,Strings,Vn,Violin,ord,ordinario,D5,74,pp,0,1,2.0,False,372377,8.44392290249433,5
1241,Strings/Violin/ordinario/Vn-ord-D5-pp-3c-N.wav,4,Strings,Vn,Violin,ord,ordinario,D5,74,pp,0,2,3.0,False,360541,8.175532879818594,5
1242,Strings/Violin/ordinario/Vn-ord-D5-pp-4c-N.wav,2,Strings,Vn,Violin,ord,ordinario,D5,74,pp,0,3,4.0,False,318746,7.227800453514739,5
1243,Strings/Violin/ordinario/Vn-ord-E5-pp-1c-N.wav,2,Strings,Vn,Violin,ord,ordinario,E5,76,pp,0,0,1.0,False,359811,8.158979591836735,5
1244,Strings/Violin/ordinario/Vn-ord-E5-pp-2c-N.wav,1,Strings,Vn,Violin,ord,ordinario,E5,76,pp,0,1,2.0,False,328394,7.4465759637188205,5
1245,Strings/Violin/ordinario/Vn-ord-E5-pp-3c-N.wav,1,Strings,Vn,Violin,ord,ordinario,E5,76,pp,0,2,3.0,False,311933,7.073310657596372,5
1246,Strings/Violin/ordinario/Vn-ord-E5-pp-4c-N.wav,1,Strings,Vn,Violin,ord,ordinario,E5,76,pp,0,3,4.0,False,361214,8.190793650793651,5
1247,Strings/Violin/ordinario/Vn-ord-F5-pp-1c-N.wav,0,Strings,Vn,Violin,ord,ordinario,F5,77,pp,0,0,1.0,False,323530,7.336281179138322,5
1248,Strings/Violin/ordinario/Vn-ord-F5-pp-2c-N.wav,2,Strings,Vn,Violin,ord,ordinario,F5,77,pp,0,1,2.0,False,336535,7.631179138321995,5
1249,Strings/Violin/ordinario/Vn-ord-F5-pp-3c-N.wav,4,Strings,Vn,Violin,ord,ordinario,F5,77,pp,0,2,3.0,False,379426,8.603764172335602,5
1250,Strings/Violin/ordinario/Vn-ord-G5-pp-1c-N.wav,0,Strings,Vn,Violin,ord,ordinario,G5,79,pp,0,0,1.0,False,334037,7.57453514739229,5
1251,Strings/Violin/ordinario/Vn-ord-G5-pp-2c-N.wav,0,Strings,Vn,Violin,ord,ordinario,G5,79,pp,0,1,2.0,False,343712,7.793922902494331,5
1252,Strings/Violin/ordinario/Vn-ord-G5-pp-3c-N.wav,2,Strings,Vn,Violin,ord,ordinario,G5,79,pp,0,2,3.0,False,356237,8.077936507936508,5
1253,Strings/Violin/ordinario/Vn-ord-A5-pp-1c-N.wav,4,Strings,Vn,Violin,ord,ordinario,A5,81,pp,0,0,1.0,False,349550,7.926303854875283,5
1254,Strings/Violin/ordinario/Vn-ord-A5-pp-2c-N.wav,4,Strings,Vn,Violin,ord,ordinario,A5,81,pp,0,1,2.0,False,297867,6.754353741496598,5
1255,Strings/Violin/ordinario/Vn-ord-A5-pp-3c-N.wav,2,Strings,Vn,Violin,ord,ordinario,A5,81,pp,0,2,3.0,False,329482,7.47124716553288,5
1256,Strings/Violin/ordinario/Vn-ord-B5-pp-1c-N.wav,3,Strings,Vn,Violin,ord,ordinario,B5,83,pp,0,0,1.0,False,350036,7.9373242630385485,5
1257,Strings/Violin/ordinario/Vn-ord-B5-pp-2c-N.wav,0,Strings,Vn,Violin,ord,ordinario,B5,83,pp,0,1,2.0,False,316135,7.16859410430839,5
1258,Strings/Violin/ordinario/Vn-ord-B5-pp-3c-N.wav,0,Strings,Vn,Violin,ord,ordinario,B5,83,pp,0,2,3.0,False,344491,7.811587301587301,5
1276,Strings/Violin/ordinario/Vn-ord-G3-mf-4c-N.wav,3,Strings,Vn,Violin,ord,ordinario,G3,55,mf,2,3,4.0,False,373599,8.471632653061224,3
1277,Strings/Violin/ordinario/Vn-ord-A3-mf-4c-N.wav,0,Strings,Vn,Violin,ord,ordinario,A3,57,mf,2,3,4.0,False,349169,7.9176643990929705,3
1278,Strings/Violin/ordinario/Vn-ord-B3-mf-4c-T15u.wav,0,Strings,Vn,Violin,ord,ordinario,B3,59,mf,2,3,4.0,True,376555,8.538662131519274,3
1279,Strings/Violin/ordinario/Vn-ord-C4-mf-4c-N.wav,3,Strings,Vn,Violin,ord,ordinario,C4,60,mf,2,3,4.0,False,323406,7.333469387755102,4
1280,Strings/Violin/ordinario/Vn-ord-D4-mf-3c-N.wav,1,Strings,Vn,Violin,ord,ordinario,D4,62,mf,2,2,3.0,False,389914,8.841587301587301,4
1281,Strings/Violin/ordinario/Vn-ord-D4-mf-4c-N.wav,3,Strings,Vn,Violin,ord,ordinario,D4,62,mf,2,3,4.0,False,377121,8.551496598639456,4
1282,Strings/Violin/ordinario/Vn-ord-E4-mf-3c-N.wav,4,Strings,Vn,Violin,ord,ordinario,E4,64,mf,2,2,3.0,False,347016,7.868843537414966,4
1283,Strings/Violin/ordinario/Vn-ord-E4-mf-4c-N.wav,2,Strings,Vn,Violin,ord,ordinario,E4,64,mf,2,3,4.0,False,341406,7.741632653061225,4
1284,Strings/Violin/ordinario/Vn-ord-F4-mf-3c-N.wav,3,Strings,Vn,Violin,ord,ordinario,F4,65,mf,2,2,3.0,False,370412,8.39936507936508,4
1285,Strings/Violin/ordinario/Vn-ord-F4-mf-4c-N.wav,1,Strings,Vn,Violin,ord,ordinario,F4,65,mf,2,3,4.0,False,324167,7.3507256235827665,4
1286,Strings/Violin/ordinario/Vn-ord-G4-mf-3c-N.wav,4,Strings,Vn,Violin,ord,ordinario,G4,67,mf,2,2,3.0,False,371066,8.414195011337869,4
1287,Strings/Violin/ordinario/Vn-ord-G4-mf-4c-N.wav,3,Strings,Vn,Violin,ord,ordinario,G4,67,mf,2,3,4.0,False,353443,8.014580498866213,4
1288,Strings/Violin/ordinario/Vn-ord-A4-mf-2c-N.wav,1,Strings,Vn,Violin,ord,ordinario,A4,69,mf,2,1,2.0,False,351721,7.975532879818594,4
1289,Strings/Violin/ordinario/Vn-ord-A4-mf-3c-N.wav,3,Strings,Vn,Violin,ord,ordinario,A4,69,mf,2,2,3.0,False,339016,7.687437641723356,4
1290,Strings/Violin/ordinario/Vn-ord-A4-mf-4c-N.wav,3,Strings,Vn,Violin,ord,ordinario,A4,69,mf,2,3,4.0,False,388864,8.817777777777778,4
1291,Strings/Violin/ordinario/Vn-ord-B4-mf-2c-N.wav,2,Strings,Vn,Violin,ord,ordinario,B4,71,mf,2,1,2.0,False,345607,7.8368934240362815,4
1292,Strings/Violin/ordinario/Vn-ord-B4-mf-3c-N.wav,3,Strings,Vn,Violin,ord,ordinario,B4,71,mf,2,2,3.0,False,363390,8.240136054421768,4
1293,Strings/Violin/ordinario/Vn-ord-B4-mf-4c-N.wav,0,Strings,Vn,Violin,ord,ordinario,B4,71,mf,2,3,4.0,False,359834,8.159501133786849,4
1294,Strings/Violin/ordinario/Vn-ord-C5-mf-2c-N.wav,4,Strings,Vn,Violin,ord,ordinario,C5,72,mf,2,1,2.0,False,349938,7.935102040816327,5
1295,Strings/Violin/ordinario/Vn-ord-C5-mf-3c-N.wav,4,Strings,Vn,Violin,ord,ordinario,C5,72,mf,2,2,3.0,False,347190,7.872789115646259,5
1296,Strings/Violin/ordinario/Vn-ord-C5-mf-4c-N.wav,3,Strings,Vn,Violin,ord,ordinario,C5,72,mf,2,3,4.0,False,312008,7.075011337868481,5
1297,Strings/Violin/ordinario/Vn-ord-D5-mf-2c-N.wav,3,Strings,Vn,Violin,ord,ordinario,D5,74,mf,2,1,2.0,False,380857,8.636213151927437,5
1298,Strings/Violin/ordinario/Vn-ord-D5-mf-3c-N.wav,2,Strings,Vn,Violin,ord,ordinario,D5,74,mf,2,2,3.0,False,332350,7.536281179138322,5
1299,Strings/Violin/ordinario/Vn-ord-D5-mf-4c-N.wav,0,Strings,Vn,Violin,ord,ordinario,D5,74,mf,2,3,4.0,False,361771,8.203424036281179,5
1300,Strings/Violin/ordinario/Vn-ord-E5-mf-1c-N.wav,4,Strings,Vn,Violin,ord,ordinario,E5,76,mf,2,0,1.0,False,363478,8.242131519274377,5
1301,Strings/Violin/ordinario/Vn-ord-E5-mf-2c-N.wav,2,Strings,Vn,Violin,ord,ordinario,E5,76,mf,2,1,2.0,False,323100,7.326530612244898,5
1302,Strings/Violin/ordinario/Vn-ord-E5-mf-3c-N.wav,0,Strings,Vn,Violin,ord,ordinario,E5,76,mf,2,2,3.0,False,373044,8.459047619047618,5
1303,Strings/Violin/ordinario/Vn-ord-E5-mf-4c-N.wav,2,Strings,Vn,Violin,ord,ordinario,E5,76,mf,2,3,4.0,False,334057,7.57498866213152,5
1304,Strings/Violin/ordinario/Vn-ord-F5-mf-1c-N.wav,1,Strings,Vn,Violin,ord,ordinario,F5,77,mf,2,0,1.0,False,347318,7.875691609977324,5
1305,Strings/Violin/ordinario/Vn-ord-F5-mf-2c-N.wav,4,Strings,Vn,Violin,ord,ordinario,F5,77,mf,2,1,2.0,False,357548,8.10766439909297,5
1306,Strings/Violin/ordinario/Vn-ord-F5-mf-3c-N.wav,1,Strings,Vn,Violin,ord,ordinario,F5,77,mf,2,2,3.0,False,342992,7.777596371882086,5
1307,Strings/Violin/ordinario/Vn-ord-G5-mf-1c-N.wav,4,Strings,Vn,Violin,ord,ordinario,G5,79,mf,2,0,1.0,False,361978,8.208117913832199,5
1308,Strings/Violin/ordinario/Vn-ord-G5-mf-2c-N.wav,0,Strings,Vn,Violin,ord,ordinario,G5,79,mf,2,1,2.0,False,404869,9.180702947845806,5
1309,Strings/Violin/ordinario/Vn-ord-G5-mf-3c-N.wav,2,Strings,Vn,Violin,ord,ordinario,G5,79,mf,2,2,3.0,False,350131,7.939478458049886,5
1310,Strings/Violin/ordinario/Vn-ord-A5-mf-1c-N.wav,1,Strings,Vn,Violin,ord,ordinario,A5,81,mf,2,0,1.0,False,376446,8.536190476190477,5
1311,Strings/Violin/ordinario/Vn-ord-A5-mf-2c-N.wav,3,Strings,Vn,Violin,ord,ordinario,A5,81,mf,2,1,2.0,False,349613,7.927732426303855,5
1312,Strings/Violin/ordinario/Vn-ord-A5-mf-3c-N.wav,1,Strings,Vn,Violin,ord,ordinario,A5,81,mf,2,2,3.0,False,329220,7.46530612244898,5
1313,Strings/Violin/ordinario/Vn-ord-B5-mf-1c-N.wav,4,Strings,Vn,Violin,ord,ordinario,B5,83,mf,2,0,1.0,False,301951,6.846961451247165,5
1314,Strings/Violin/ordinario/Vn-ord-B5-mf-2c-N.wav,4,Strings,Vn,Violin,ord,ordinario,B5,83,mf,2,1,2.0,False,337455,7.65204081632653,5
1315,Strings/Violin/ordinario/Vn-ord-B5-mf-3c-N.wav,3,Strings,Vn,Violin,ord,ordinario,B5,83,mf,2,2,3.0,False,334629,7.587959183673469,5
1333,Strings/Violin/ordinario/Vn-ord-G3-ff-4c-N.wav,0,Strings,Vn,Violin,ord,ordinario,G3,55,ff,4,3,4.0,False,432756,9.813061224489797,3
1334,Strings/Violin/ordinario/Vn-ord-A3-ff-4c-N.wav,3,Strings,Vn,Violin,ord,ordinario,A3,57,ff,4,3,4.0,False,363093,8.233401360544217,3
1335,Strings/Violin/ordinario/Vn-ord-B3-ff-4c-T17u.wav,1,Strings,Vn,Violin,ord,ordinario,B3,59,ff,4,3,4.0,True,362992,8.231111111111112,3
1336,Strings/Violin/ordinario/Vn-ord-C4-ff-4c-N.wav,1,Strings,Vn,Violin,ord,ordinario,C4,60,ff,4,3,4.0,False,354501,8.038571428571428,4
1337,Strings/Violin/ordinario/Vn-ord-D4-ff-3c-N.wav,1,Strings,Vn,Violin,ord,ordinario,D4,62,ff,4,2,3.0,False,366285,8.30578231292517,4
1338,Strings/Violin/ordinario/Vn-ord-D4-ff-4c-N.wav,2,Strings,Vn,Violin,ord,ordinario,D4,62,ff,4,3,4.0,False,365676,8.291972789115647,4
1339,Strings/Violin/ordinario/Vn-ord-E4-ff-3c-N.wav,3,Strings,Vn,Violin,ord,ordinario,E4,64,ff,4,2,3.0,False,380721,8.63312925170068,4
1340,Strings/Violin/ordinario/Vn-ord-E4-ff-4c-N.wav,1,Strings,Vn,Violin,ord,ordinario,E4,64,ff,4,3,4.0,False,370147,8.393356009070295,4
1341,Strings/Violin/ordinario/Vn-ord-F4-ff-3c-N.wav,0,Strings,Vn,Violin,ord,ordinario,F4,65,ff,4,2,3.0,False,337639,7.656213151927438,4
1342,Strings/Violin/ordinario/Vn-ord-F4-ff-4c-T11u.wav,1,Strings,Vn,Violin,ord,ordinario,F4,65,ff,4,3,4.0,True,361846,8.205124716553287,4
1343,Strings/Violin/ordinario/Vn-ord-G4-ff-3c-N.wav,1,Strings,Vn,Violin,ord,ordinario,G4,67,ff,4,2,3.0,False,385708,8.746213151927437,4
1344,Strings/Violin/ordinario/Vn-ord-G4-ff-4c-N.wav,4,Strings,Vn,Violin,ord,ordinario,G4,67,ff,4,3,4.0,False,401481,9.103877551020409,4
1345,Strings/Violin/ordinario/Vn-ord-A4-ff-2c-N.wav,1,Strings,Vn,Violin,ord,ordinario,A4,69,ff,4,1,2.0,False,411930,9.340816326530613,4
1346,Strings/Violin/ordinario/Vn-ord-A4-ff-3c-N.wav,1,Strings,Vn,Violin,ord,ordinario,A4,69,ff,4,2,3.0,False,311548,7.0645804988662135,4
1347,Strings/Violin/ordinario/Vn-ord-A4-ff-4c-N.wav,1,Strings,Vn,Violin,ord,ordinario,A4,69,ff,4,3,4.0,False,335044,7.597369614512472,4
1348,Strings/Violin/ordinario/Vn-ord-B4-ff-2c-T10u.wav,1,Strings,Vn,Violin,ord,ordinario,B4,71,ff,4,1,2.0,True,376837,8.545056689342404,4
1349,Strings/Violin/ordinario/Vn-ord-B4-ff-3c-N.wav,2,Strings,Vn,Violin,ord,ordinario,B4,71,ff,4,2,3.0,False,319456,7.243900226757369,4
1350,Strings/Violin/ordinario/Vn-ord-B4-ff-4c-T12u.wav,0,Strings,Vn,Violin,ord,ordinario,B4,71,ff,4,3,4.0,True,295885,6.709410430839002,4
1351,Strings/Violin/ordinario/Vn-ord-C5-ff-2c-N.wav,1,Strings,Vn,Violin,ord,ordinario,C5,72,ff,4,1,2.0,False,352752,7.998911564625851,5
1352,Strings/Violin/ordinario/Vn-ord-C5-ff-3c-N.wav,2,Strings,Vn,Violin,ord,ordinario,C5,72,ff,4,2,3.0,False,302862,6.867619047619048,5
1353,Strings/Violin/ordinario/Vn-ord-C5-ff-4c-N.wav,2,Strings,Vn,Violin,ord,ordinario,C5,72,ff,4,3,4.0,False,308559,6.996802721088436,5
1354,Strings/Violin/ordinario/Vn-ord-D5-ff-2c-N.wav,1,Strings,Vn,Violin,ord,ordinario,D5,74,ff,4,1,2.0,False,411483,9.330680272108843,5
1355,Strings/Violin/ordinario/Vn-ord-D5-ff-3c-N.wav,1,Strings,Vn,Violin,ord,ordinario,D5,74,ff,4,2,3.0,False,344598,7.8140136054421765,5
1356,Strings/Violin/ordinario/Vn-ord-D5-ff-4c-N.wav,0,Strings,Vn,Violin,ord,ordinario,D5,74,ff,4,3,4.0,False,348627,7.905374149659864,5
1357,Strings/Violin/ordinario/Vn-ord-E5-ff-1c-N.wav,2,Strings,Vn,Violin,ord,ordinario,E5,76,ff,4,0,1.0,False,356781,8.090272108843537,5
1358,Strings/Violin/ordinario/Vn-ord-E5-ff-2c-N.wav,0,Strings,Vn,Violin,ord,ordinario,E5,76,ff,4,1,2.0,False,371933,8.433854875283446,5
1359,Strings/Violin/ordinario/Vn-ord-E5-ff-3c-N.wav,3,Strings,Vn,Violin,ord,ordinario,E5,76,ff,4,2,3.0,False,309300,7.01360544217687,5
1360,Strings/Violin/ordinario/Vn-ord-E5-ff-4c-N.wav,0,Strings,Vn,Violin,ord,ordinario,E5,76,ff,4,3,4.0,False,381538,8.651655328798187,5
1361,Strings/Violin/ordinario/Vn-ord-F5-ff-1c-N.wav,0,Strings,Vn,Violin,ord,ordinario,F5,77,ff,4,0,1.0,False,360410,8.172562358276643,5
1362,Strings/Violin/ordinario/Vn-ord-F5-ff-2c-N.wav,3,Strings,Vn,Violin,ord,ordinario,F5,77,ff,4,1,2.0,False,337357,7.649818594104309,5
1363,Strings/Violin/ordinario/Vn-ord-F5-ff-3c-T15u.wav,4,Strings,Vn,Violin,ord,ordinario,F5,77,ff,4,2,3.0,True,304016,6.893786848072562,5
1364,Strings/Violin/ordinario/Vn-ord-G5-ff-1c-T11d.wav,3,Strings,Vn,Violin,ord,ordinario,G5,79,ff,4,0,1.0,True,364508,8.265487528344671,5
1365,Strings/Violin/ordinario/Vn-ord-G5-ff-2c-N.wav,4,Strings,Vn,Violin,ord,ordinario,G5,79,ff,4,1,2.0,False,385223,8.735215419501134,5
1366,Strings/Violin/ordinario/Vn-ord-G5-ff-3c-N.wav,3,Strings,Vn,Violin,ord,ordinario,G5,79,ff,4,2,3.0,False,355344,8.057687074829932,5
1367,Strings/Violin/ordinario/Vn-ord-A5-ff-1c-N.wav,3,Strings,Vn,Violin,ord,ordinario,A5,81,ff,4,0,1.0,False,369040,8.368253968253969,5
1368,Strings/Violin/ordinario/Vn-ord-A5-ff-2c-N.wav,2,Strings,Vn,Violin,ord,ordinario,A5,81,ff,4,1,2.0,False,343943,7.799160997732426,5
1369,Strings/Violin/ordinario/Vn-ord-A5-ff-3c-N.wav,4,Strings,Vn,Violin,ord,ordinario,A5,81,ff,4,2,3.0,False,315423,7.152448979591837,5
1370,Strings/Violin/ordinario/Vn-ord-B5-ff-1c-N.wav,0,Strings,Vn,Violin,ord,ordinario,B5,83,ff,4,0,1.0,False,356480,8.08344671201814,5
1371,Strings/Violin/ordinario/Vn-ord-B5-ff-2c-N.wav,1,Strings,Vn,Violin,ord,ordinario,B5,83,ff,4,1,2.0,False,337773,7.659251700680272,5
1372,Strings/Violin/ordinario/Vn-ord-B5-ff-3c-N.wav,2,Strings,Vn,Violin,ord,ordinario,B5,83,ff,4,2,3.0,False,345238,7.828526077097505,5
